{"body": "The system makes it easier to pull away when your vehicle is on a slope without the need to use the parking brake.<br><br>When the system is active, your vehicle remains stationary on the slope for two to three seconds after you release the brake pedal. This allows time to move your foot from the brake to the accelerator pedal. The system releases the brakes automatically once the engine has developed sufficient drive to prevent your vehicle from rolling down the slope. This is an advantage when pulling away on a slope, for example from a car park ramp, traffic lights or when reversing uphill into a parking space.<br><br>You can switch this feature on or off in the information display. The system remembers the last setting when you start your vehicle.<br><br>You cannot turn the system on or off. When you switch the ignition on, the system automatically turns on.<br><br>", "contentHtml": "<p>The system makes it easier to pull away when your vehicle is on a slope without the need to use the parking brake.</p><p>When the system is active, your vehicle remains stationary on the slope for two to three seconds after you release the brake pedal. This allows time to move your foot from the brake to the accelerator pedal. The system releases the brakes automatically once the engine has developed sufficient drive to prevent your vehicle from rolling down the slope. This is an advantage when pulling away on a slope, for example from a car park ramp, traffic lights or when reversing uphill into a parking space.</p><p>You can switch this feature on or off in the information display. The system remembers the last setting when you start your vehicle.</p><p>You cannot turn the system on or off. When you switch the ignition on, the system automatically turns on.</p>", "sourceUrl": "http://www.fordservicecontent.com/Ford_Content/vdirsnet/OwnerManual/Home/Content?bookCode=O28450&languageCode=en&marketCode=US&viewTech=IE&chapterTitleSelected=G1518959&subTitleSelected=G1743674&topicHRef=G1743675&div=f&vFilteringEnabled=True", "id": "116", "title": "Hill Start Assist"}