{"body": "Snow chains or cables have not been approved for use on your vehicle.<br><br>The original equipment tires on your vehicle may have an all-weather tread design to provide traction, handling, and braking performance in year-round driving. You may install snow tires for improved traction when driving in areas with sustained periods of snow or icy driving conditions<br><br>", "contentHtml": "<p>Snow chains or cables have not been approved for use on your vehicle.</p><p>The original equipment tires on your vehicle may have an all-weather tread design to provide traction, handling, and braking performance in year-round driving. You may install snow tires for improved traction when driving in areas with sustained periods of snow or icy driving conditions</p>", "sourceUrl": "http://www.fordservicecontent.com/Ford_Content/vdirsnet/OwnerManual/Home/Content?bookCode=O28450&languageCode=en&marketCode=US&viewTech=IE&chapterTitleSelected=G1519055&subTitleSelected=G1546377&topicHRef=G1549293&div=f&vFilteringEnabled=True", "id": "195", "title": "Using Snow Chains"}