{"body": "In the event of a moderate to severe collision, this vehicle has a fuel pump shut-off feature that stops the flow of fuel to the engine. Not every impact will cause a shut-off.<br><br>Should your vehicle shut off after a collision, you may restart your vehicle.<br><br>For vehicles equipped with a key system:<br><br>For vehicles equipped with a push button start system:<br><br>", "contentHtml": "<p>In the event of a moderate to severe collision, this vehicle has a fuel pump shut-off feature that stops the flow of fuel to the engine. Not every impact will cause a shut-off.</p><p>Should your vehicle shut off after a collision, you may restart your vehicle.</p><p>For vehicles equipped with a key system:</p><p>For vehicles equipped with a push button start system:</p>", "sourceUrl": "http://www.fordservicecontent.com/Ford_Content/vdirsnet/OwnerManual/Home/Content?bookCode=O28450&languageCode=en&marketCode=US&viewTech=IE&chapterTitleSelected=G1519002&subTitleSelected=G1519004&topicHRef=G1643942&div=f&vFilteringEnabled=True", "id": "145", "title": "Fuel Shutoff"}