{"body": "\u00a0Certain components in your vehicle such as airbag modules, seatbelt pretensioners and remote control batteries may contain perchlorate material. \u00a0Special handling may apply for service or vehicle end of life disposal.<br><br>", "contentHtml": "<p>&nbsp;Certain components in your vehicle such as airbag modules, seatbelt pretensioners and remote control batteries may contain perchlorate material. &nbsp;Special handling may apply for service or vehicle end of life disposal.</p>", "sourceUrl": "http://www.fordservicecontent.com/Ford_Content/vdirsnet/OwnerManual/Home/Content?bookCode=O28450&languageCode=en&marketCode=US&viewTech=IE&chapterTitleSelected=G1508561&subTitleSelected=G1531417&topicHRef=G1448345&div=f&vFilteringEnabled=True", "id": "5", "title": "Perchlorate"}