{"body": "The keypad is located near the driver window. It is invisible until touched and then it lights up so you can see and touch the appropriate buttons.<br><br>You can operate the keypad with the factory-set 5-digit entry code. The code is located on the owner\u2019s wallet card in the glove box and is available from an authorized dealer. You can also create up to five of your own 5-digit personal entry codes.<br><br>To create your own personal entry code:<br><br>The doors will lock then unlock to confirm that programming was successful.<br><br>To program additional personal entry codes, repeat Steps 1-3, then for Step 4:<br><br>You may also program a personal entry code through the MyFord Touch system (if equipped). See\u00a0Settings.\u00a0<br><br>The programmed entry codes will recall driver memory positions as follows:<br><br>All personal codes are now erased and only the factory-set 5\u2013digit code will work.<br><br>The keypad will go into an anti-scan mode if you enter the wrong code seven times (35 consecutive button presses). This mode disables the keypad for one minute and the keypad lamp will flash.<br><br>Enter the factory-set 5-digit code or your personal code. You must press each number within five seconds of each other. The interior lamps will illuminate.<br><br>Enter the factory-set code or your personal code, then press 3\u00b74 within five seconds.<br><br>Press and hold 7\u00b78 and 9\u00b70 at the same time (with the driver door closed). You do not need to enter the keypad code first.<br><br>Enter the factory-set code or your personal code, then press 5\u00b76 within five seconds.<br><br>To display the factory-set code in the information display:<br><br>The factory-set code will display for a few seconds.<br><br>To display the factory-set code in the information display:<br><br>The factory-set code will appear in the information display for a few seconds.<br><br>", "contentHtml": "<p>The keypad is located near the driver window. It is invisible until touched and then it lights up so you can see and touch the appropriate buttons.</p><p>You can operate the keypad with the factory-set 5-digit entry code. The code is located on the owner\u2019s wallet card in the glove box and is available from an authorized dealer. You can also create up to five of your own 5-digit personal entry codes.</p><p>To create your own personal entry code:</p><p>The doors will lock then unlock to confirm that programming was successful.</p><p>To program additional personal entry codes, repeat Steps 1-3, then for Step 4:</p><p>You may also program a personal entry code through the MyFord Touch system (if equipped). See&nbsp;\n<b>Settings</b>.&nbsp;</p><p>The programmed entry codes will recall driver memory positions as follows:</p><p>All personal codes are now erased and only the factory-set 5\u2013digit code will work.</p><p>The keypad will go into an anti-scan mode if you enter the wrong code seven times (35 consecutive button presses). This mode disables the keypad for one minute and the keypad lamp will flash.</p><p>Enter the factory-set 5-digit code or your personal code. You must press each number within five seconds of each other. The interior lamps will illuminate.</p><p>Enter the factory-set code or your personal code, then press \n<b>3\u00b74</b> within five seconds.</p><p>Press and hold \n<b>7\u00b78</b> and \n<b>9\u00b70</b> at the same time (with the driver door closed). You do not need to enter the keypad code first.</p><p>Enter the factory-set code or your personal code, then press \n<b>5\u00b76</b> within five seconds.</p><p>To display the factory-set code in the information display:</p><p>The factory-set code will display for a few seconds.</p><p>To display the factory-set code in the information display:</p><p>The factory-set code will appear in the information display for a few seconds.</p>", "sourceUrl": "http://www.fordservicecontent.com/Ford_Content/vdirsnet/OwnerManual/Home/Content?bookCode=O28450&languageCode=en&marketCode=US&viewTech=IE&chapterTitleSelected=G1518865&subTitleSelected=G1518869&topicHRef=G1560725&div=f&vFilteringEnabled=True", "id": "42", "title": "Keyless Entry"}