{"body": "For your particular global region, your vehicle may be equipped with features and options that are different from the features and options that are described in this Owner\u2019s Manual. A market unique supplement may be supplied that complements this book. By referring to the market unique supplement, if provided, you can properly identify those features, recommendations and specifications that are unique to your vehicle. This Owner\u2019s Manual is written primarily for the U.S. and Canadian Markets. Features or equipment listed as standard may be different on units built for export. Refer to this Owner\u2019s Manual for all other required information and warnings.<br><br>", "contentHtml": "<p>For your particular global region, your vehicle may be equipped with features and options that are different from the features and options that are described in this Owner\u2019s Manual. A market unique supplement may be supplied that complements this book. By referring to the market unique supplement, if provided, you can properly identify those features, recommendations and specifications that are unique to your vehicle. This Owner\u2019s Manual is written primarily for the U.S. and Canadian Markets. Features or equipment listed as standard may be different on units built for export. \n<b>Refer to this Owner\u2019s Manual for all other required information and warnings.</b></p>", "sourceUrl": "http://www.fordservicecontent.com/Ford_Content/vdirsnet/OwnerManual/Home/Content?bookCode=O28450&languageCode=en&marketCode=US&viewTech=IE&chapterTitleSelected=G1508561&subTitleSelected=G1531422&topicHRef=G1517332&div=f&vFilteringEnabled=True", "id": "10", "title": "Export Unique Options"}