{"body": "When these locks are set, the rear doors cannot be opened from the inside.<br><br>The childproof locks are located on the rear edge of each rear door and must be set separately for each door.<br><br>Turn counterclockwise to lock and clockwise to unlock.<br><br>Turn clockwise to lock and counterclockwise to unlock.<br><br>", "contentHtml": "<p>When these locks are set, the rear doors cannot be opened from the inside.</p><p>The childproof locks are located on the rear edge of each rear door and must be set separately for each door.</p><p>Turn counterclockwise to lock and clockwise to unlock.</p><p>Turn clockwise to lock and counterclockwise to unlock.</p>", "sourceUrl": "http://www.fordservicecontent.com/Ford_Content/vdirsnet/OwnerManual/Home/Content?bookCode=O28450&languageCode=en&marketCode=US&viewTech=IE&chapterTitleSelected=G1518828&subTitleSelected=G1728245&topicHRef=G1513938&div=f&vFilteringEnabled=True", "id": "16", "title": "Child Safety Locks"}