{"body": "Press the OK button to acknowledge and remove some messages from the information display. Other messages will be removed automatically after a short time.<br><br>Certain messages need to be confirmed before you can access the menus.<br><br>", "contentHtml": "<p>Press the OK button to acknowledge and remove some messages from the information display. Other messages will be removed automatically after a short time.</p><p>Certain messages need to be confirmed before you can access the menus.</p>", "sourceUrl": "http://www.fordservicecontent.com/Ford_Content/vdirsnet/OwnerManual/Home/Content?bookCode=O28450&languageCode=en&marketCode=US&viewTech=IE&chapterTitleSelected=G1525715&subTitleSelected=G1815640&topicHRef=G1642521&div=f&vFilteringEnabled=True", "id": "76", "title": "Information Messages"}