{"body": "When changing the air filter element, use only the air filter element listed. See\u00a0 Engine Specifications.\u00a0<br><br>Change the air filter element at the proper interval. See\u00a0 General Maintenance Information.\u00a0<br><br>", "contentHtml": "<p>When changing the air filter element, use only the air filter element listed. See&nbsp; \n<a class=\"copylink\" href=\"Content?bookCode=O28450&amp;languageCode=EN&amp;marketCode=US&amp;vCode=&amp;vFilteringEnabled=True&amp;subTitleSelected=G1531359&amp;chapterTitleSelected=G1519062&amp;topicHRef=G1531361&amp;viewTech=IE&amp;div=f\"><b>Engine Specifications</b></a>.&nbsp;</p><p>Change the air filter element at the proper interval. See&nbsp; \n<a class=\"copylink\" href=\"Content?bookCode=O28450&amp;languageCode=EN&amp;marketCode=US&amp;vCode=&amp;vFilteringEnabled=True&amp;subTitleSelected=G1618138&amp;chapterTitleSelected=G1526113&amp;topicHRef=G1618142&amp;viewTech=IE&amp;div=f\"><b>General Maintenance Information</b></a>.&nbsp;</p>", "sourceUrl": "http://www.fordservicecontent.com/Ford_Content/vdirsnet/OwnerManual/Home/Content?bookCode=O28450&languageCode=en&marketCode=US&viewTech=IE&chapterTitleSelected=G1519018&subTitleSelected=G1548132&topicHRef=G1531365&div=f&vFilteringEnabled=True", "id": "179", "title": "Changing the Engine Air Filter"}