{"body": "The automatic transmission does not have a transmission fluid dipstick.<br><br>Have an authorized dealer check and change the transmission fluid at the correct service interval. See\u00a0Scheduled Maintenance.\u00a0 Your transmission does not consume fluid. However, the fluid level should be checked if the transmission is not working properly, (i.e., if the transmission slips or shifts slowly) or if you notice some sign of fluid leakage.<br><br>Do not use supplemental transmission fluid additives, treatments or cleaning agents. The use of these materials may affect transmission operation and result in damage to internal transmission components.<br><br>", "contentHtml": "<p>The automatic transmission does not have a transmission fluid dipstick.</p><p>Have an authorized dealer check and change the transmission fluid at the correct service interval. See&nbsp;\n<b>Scheduled Maintenance</b>.&nbsp; Your transmission does not consume fluid. However, the fluid level should be checked if the transmission is not working properly, (i.e., if the transmission slips or shifts slowly) or if you notice some sign of fluid leakage.</p><p>Do not use supplemental transmission fluid additives, treatments or cleaning agents. The use of these materials may affect transmission operation and result in damage to internal transmission components.</p>", "sourceUrl": "http://www.fordservicecontent.com/Ford_Content/vdirsnet/OwnerManual/Home/Content?bookCode=O28450&languageCode=en&marketCode=US&viewTech=IE&chapterTitleSelected=G1519018&subTitleSelected=G1604418&topicHRef=G1604417&div=f&vFilteringEnabled=True", "id": "167", "title": "Automatic Transmission Fluid Check"}