{"body": "Add fluid to fill the reservoir if the level is low. Only use a washer fluid that meets Ford specifications. See\u00a0 Engine Specifications.\u00a0<br><br>State or local regulations on volatile organic compounds may restrict the use of methanol, a common windshield washer antifreeze additive. Washer fluids containing non-methanol antifreeze agents should be used only if they provide cold weather protection without damaging the vehicle\u2019s paint finish, wiper blades or washer system.<br><br>", "contentHtml": "<p>Add fluid to fill the reservoir if the level is low. Only use a washer fluid that meets Ford specifications. See&nbsp; \n<a class=\"copylink\" href=\"Content?bookCode=O28450&amp;languageCode=EN&amp;marketCode=US&amp;vCode=&amp;vFilteringEnabled=True&amp;subTitleSelected=G1531359&amp;chapterTitleSelected=G1519062&amp;topicHRef=G1531361&amp;viewTech=IE&amp;div=f\"><b>Engine Specifications</b></a>.&nbsp;</p><p>State or local regulations on volatile organic compounds may restrict the use of methanol, a common windshield washer antifreeze additive. Washer fluids containing non-methanol antifreeze agents should be used only if they provide cold weather protection without damaging the vehicle\u2019s paint finish, wiper blades or washer system.</p>", "sourceUrl": "http://www.fordservicecontent.com/Ford_Content/vdirsnet/OwnerManual/Home/Content?bookCode=O28450&languageCode=en&marketCode=US&viewTech=IE&chapterTitleSelected=G1519018&subTitleSelected=G1519032&topicHRef=G1547160&div=f&vFilteringEnabled=True", "id": "170", "title": "Washer Fluid Check"}