{"body": "*These features are not available in all markets and require activation.<br><br>**Available AppLink enabled apps vary by market.<br><br>Make sure that you review your device's manual before using it with SYNC.<br><br>The SYNC support team is available to help you with any questions you cannot answer on your own.<br><br>Monday-Saturday, 8:30am-9:00pm EST.<br><br>Sunday, 10:30am-7:30pm EST.<br><br>In the United States, call 1-800-392-3673.<br><br>In Canada, call 1-800-565-3673.<br><br>Times are subject to change due to holidays.<br><br>For your safety, certain features are speed-dependent and restricted when your vehicle is traveling over 5 \u00a0km/h.<br><br>When a cellular phone is connected to SYNC, the system creates a profile within your vehicle that is linked to that cellular phone. This profile is created in order to offer you more cellular features and to operate more efficiently. Among other things, this profile may contain data about your cellular phone book, text messages (read and unread), and call history, including history of calls when your cellular phone was not connected to the system. In addition, if you connect a media device, the system creates and retains an index of supported media content. The system also records a short development log of approximately 10 minutes of all recent system activity. The log profile and other system data may be used to improve the system and help diagnose any problems that may occur.<br><br>The cellular profile, media device index, and development log will remain in the vehicle unless you delete them and are generally accessible only in the vehicle when the cellular phone or media player is connected. If you no longer plan to use the system or the vehicle, we recommend you perform a Master Reset to erase all stored information.<br><br>System data cannot be accessed without special equipment and access to the vehicle's SYNC module. Ford Motor Company and Ford of Canada will not access the system data for any purpose other than as described absent consent, a court order, or where required by law enforcement, other government authorities, or other third parties acting with lawful authority. Other parties may seek to access the information independently of Ford Motor Company and Ford of Canada. For further privacy information, see the sections on 911 Assist, Vehicle Health Report, and Traffic, Directions and Information.<br><br>", "contentHtml": "<p><sup>*</sup>These features are not available in all markets and require activation.</p><p><sup>**</sup>Available AppLink enabled apps vary by market.</p><p>Make sure that you review your device's manual before using it with SYNC.</p><p>The SYNC support team is available to help you with any questions you cannot answer on your own.</p><p>Monday-Saturday, 8:30am-9:00pm EST.</p><p>Sunday, 10:30am-7:30pm EST.</p><p>In the United States, call 1-800-392-3673.</p><p>In Canada, call 1-800-565-3673.</p><p>Times are subject to change due to holidays.</p><p>For your safety, certain features are speed-dependent and restricted when your vehicle is traveling over 5 &nbsp;km/h.</p><p>When a cellular phone is connected to SYNC, the system creates a profile within your vehicle that is linked to that cellular phone. This profile is created in order to offer you more cellular features and to operate more efficiently. Among other things, this profile may contain data about your cellular phone book, text messages (read and unread), and call history, including history of calls when your cellular phone was not connected to the system. In addition, if you connect a media device, the system creates and retains an index of supported media content. The system also records a short development log of approximately 10 minutes of all recent system activity. The log profile and other system data may be used to improve the system and help diagnose any problems that may occur.</p><p>The cellular profile, media device index, and development log will remain in the vehicle unless you delete them and are generally accessible only in the vehicle when the cellular phone or media player is connected. If you no longer plan to use the system or the vehicle, we recommend you perform a Master Reset to erase all stored information.</p><p>System data cannot be accessed without special equipment and access to the vehicle's SYNC module. Ford Motor Company and Ford of Canada will not access the system data for any purpose other than as described absent consent, a court order, or where required by law enforcement, other government authorities, or other third parties acting with lawful authority. Other parties may seek to access the information independently of Ford Motor Company and Ford of Canada. For further privacy information, see the sections on 911 Assist, Vehicle Health Report, and Traffic, Directions and Information.</p>", "sourceUrl": "http://www.fordservicecontent.com/Ford_Content/vdirsnet/OwnerManual/Home/Content?bookCode=O28450&languageCode=en&marketCode=US&viewTech=IE&chapterTitleSelected=G1519075&subTitleSelected=G1763128&topicHRef=G1739927&div=f&vFilteringEnabled=True", "id": "212", "title": "General Information"}