{"body": "If you believe that your vehicle has a defect which could cause a crash or could cause injury or death, you should immediately inform Transport Canada and Ford of Canada.<br><br>", "contentHtml": "<p>If you believe that your vehicle has a defect which could cause a crash or could cause injury or death, you should immediately inform Transport Canada and Ford of Canada.</p>", "sourceUrl": "http://www.fordservicecontent.com/Ford_Content/vdirsnet/OwnerManual/Home/Content?bookCode=O28450&languageCode=en&marketCode=US&viewTech=IE&chapterTitleSelected=G1519006&subTitleSelected=G1519014&topicHRef=G1514347&div=f&vFilteringEnabled=True", "id": "157", "title": "Reporting Safety Defects (Canada Only)"}