{"body": "Press the heated seat symbol to cycle through the various heat settings and off. Warmer settings are indicated by more indicator lights.<br><br>", "contentHtml": "<p>Press the heated seat symbol to cycle through the various heat settings and off. Warmer settings are indicated by more indicator lights.</p>", "sourceUrl": "http://www.fordservicecontent.com/Ford_Content/vdirsnet/OwnerManual/Home/Content?bookCode=O28450&languageCode=en&marketCode=US&viewTech=IE&chapterTitleSelected=G1518923&subTitleSelected=G1518930&topicHRef=G1549628&div=f&vFilteringEnabled=True", "id": "89", "title": "Heated Seats"}