{"body": "Engines are more efficient when they are clean because grease and dirt buildup keep the engine warmer than normal.<br><br>", "contentHtml": "<p>Engines are more efficient when they are clean because grease and dirt buildup keep the engine warmer than normal.</p>", "sourceUrl": "http://www.fordservicecontent.com/Ford_Content/vdirsnet/OwnerManual/Home/Content?bookCode=O28450&languageCode=en&marketCode=US&viewTech=IE&chapterTitleSelected=G1519042&subTitleSelected=G1519048&topicHRef=G1448702&div=f&vFilteringEnabled=True", "id": "184", "title": "Cleaning the Engine"}