{"body": "Stow items in the cupholder carefully as items may become loose during hard braking, acceleration or collisions, including hot drinks which may spill.<br><br>Available console features include:<br><br>", "contentHtml": "<p>Stow items in the cupholder carefully as items may become loose during hard braking, acceleration or collisions, including hot drinks which may spill.</p><p>Available console features include:</p>", "sourceUrl": "http://www.fordservicecontent.com/Ford_Content/vdirsnet/OwnerManual/Home/Content?bookCode=O28450&languageCode=en&marketCode=US&viewTech=IE&chapterTitleSelected=G1518936&subTitleSelected=G1518937&topicHRef=G1523793&div=f&vFilteringEnabled=True", "id": "94", "title": "Center Console"}