{"body": "The rear sensors are only active when the transmission is in reverse (R). As your vehicle moves closer to the obstacle, the rate of the audible warning increases. When the obstacle is less than 30 \u00a0cm away, the warning sounds continuously. If the system detects a stationary or receding object farther than 30 \u00a0cm from the corners of the bumper, the tone sounds for only three seconds. Once the system detects an object approaching, the warning sounds again.<br><br>Coverage area of up to 1.8 \u00a0m from the rear bumper. There may be decreased coverage area at the outer corners of the bumper.<br><br>The system provides audio warnings only when your vehicle is moving or when your vehicle is stationary and the detected obstacle is less than 30 \u00a0cm away from the bumper.<br><br>", "contentHtml": "<p>The rear sensors are only active when the transmission is in reverse (R). As your vehicle moves closer to the obstacle, the rate of the audible warning increases. When the obstacle is less than 30 &nbsp;cm away, the warning sounds continuously. If the system detects a stationary or receding object farther than 30 &nbsp;cm from the corners of the bumper, the tone sounds for only three seconds. Once the system detects an object approaching, the warning sounds again.</p><p>Coverage area of up to 1.8 &nbsp;m from the rear bumper. There may be decreased coverage area at the outer corners of the bumper.</p><p>The system provides audio warnings only when your vehicle is moving or when your vehicle is stationary and the detected obstacle is less than 30 &nbsp;cm away from the bumper.</p>", "sourceUrl": "http://www.fordservicecontent.com/Ford_Content/vdirsnet/OwnerManual/Home/Content?bookCode=O28450&languageCode=en&marketCode=US&viewTech=IE&chapterTitleSelected=G1518969&subTitleSelected=G1735662&topicHRef=G1743261&div=f&vFilteringEnabled=True", "id": "122", "title": "Rear Parking Aid"}