{"body": "Scroll until the app name followed by \"Menu\", is displayed (such as, sticher Menu), then press OK. From here, you can access an application's features, such as Thumbs up and Thumbs down.<br><br>Press the AUX button on the center console.<br><br>Scroll until the app name followed by \"Menu\", is displayed (such as, Stitcher Menu), then press OK. From here, you can access an application's features, such as Thumbs up and Thumbs down.<br><br>", "contentHtml": "<p>Scroll until the app name followed by \"Menu\", is displayed (such as, sticher Menu), then press \n<b>OK</b>. From here, you can access an application's features, such as Thumbs up and Thumbs down.</p><p>Press the \n<b>AUX</b> button on the center console.</p><p>Scroll until the app name followed by \"Menu\", is displayed (such as, Stitcher Menu), then press \n<b>OK</b>. From here, you can access an application's features, such as Thumbs up and Thumbs down.</p>", "sourceUrl": "http://www.fordservicecontent.com/Ford_Content/vdirsnet/OwnerManual/Home/Content?bookCode=O28450&languageCode=en&marketCode=US&viewTech=IE&chapterTitleSelected=G1519075&subTitleSelected=G1763132&topicHRef=G1745845&div=f&vFilteringEnabled=True", "id": "216", "title": "SYNC\u2122 AppLink\u2122"}