{"body": "To install floor mats, position the floor mat so that the eyelet is over the retention post and press down to lock in.<br><br>To remove the floor mat, reverse the installation procedure.<br><br>", "contentHtml": "<p>To install floor mats, position the floor mat so that the eyelet is over the retention post and press down to lock in.</p><p>To remove the floor mat, reverse the installation procedure.</p>", "sourceUrl": "http://www.fordservicecontent.com/Ford_Content/vdirsnet/OwnerManual/Home/Content?bookCode=O28450&languageCode=en&marketCode=US&viewTech=IE&chapterTitleSelected=G1518997&subTitleSelected=G1519001&topicHRef=G1448653&div=f&vFilteringEnabled=True", "id": "142", "title": "Floor Mats"}