{"body": "This screen allows you to set up the charging convenience features.<br><br>This is the status of the charging system, which includes the charging plug, high-voltage battery and charger.<br><br>This screen allows you to enter or change the GO Time and cabin conditioning temperature.<br><br>1The battery-to-motor flow includes battery power the vehicle is using for acceleration. It does not include energy the vehicle is using for accessories (such as air conditioning, headlights and radio). This screen displays accessories and climate usage separately.<br><br>2 Accessories indicates electrical power demands from your vehicle\u2019s accessory systems. Accessories use power but do not contribute to making the vehicle move. The power flow displays power usage from the climate control system and other accessories separately.<br><br>3The climate control system may determine A/C is necessary even when you turn it off. In this case, you may see some climate power when the A/C is off.<br><br>This indicates which mode is active within the vehicle system.<br><br>MyFord Mobile allows for GPS mapping when a vehicle is registered to a MyFord Mobile account. To remove the vehicle from the account, thereby removing GPS mapping ability, a Master Reset can be performed in the vehicle. See\u00a0 Settings.\u00a0<br><br>Before transferring ownership of a vehicle, owners may choose to execute a Master Reset or Factory Reset (completed via the MyFord Mobile website). Either method removes the vehicle from all MyFord Mobile accounts.<br><br>It is recommended that new owners conduct a Master Reset upon taking possession of the vehicle to remove it from any existing MyFord Mobile accounts. The new owner can activate a MyFord Mobile account by completing registration process on the website. the going to www.myfordmobile.eu and following the registration process.<br><br>", "contentHtml": "<p>This screen allows you to set up the charging convenience features.</p><p>This is the status of the charging system, which includes the charging plug, high-voltage battery and charger.</p><p>This screen allows you to enter or change the GO Time and cabin conditioning temperature.</p><p><sup>1</sup>The battery-to-motor flow includes battery power the vehicle is using for acceleration. It does not include energy the vehicle is using for accessories (such as air conditioning, headlights and radio). This screen displays accessories and climate usage separately.</p><p><sup>2</sup> \n<b>Accessories</b> indicates electrical power demands from your vehicle\u2019s accessory systems. Accessories use power but do not contribute to making the vehicle move. The power flow displays power usage from the climate control system and other accessories separately.</p><p><sup>3</sup>The climate control system may determine A/C is necessary even when you turn it off. In this case, you may see some climate power when the A/C is off.</p><p>This indicates which mode is active within the vehicle system.</p><p>MyFord Mobile allows for GPS mapping when a vehicle is registered to a MyFord Mobile account. To remove the vehicle from the account, thereby removing GPS mapping ability, a Master Reset can be performed in the vehicle. See&nbsp; \n<a class=\"copylink\" href=\"Content?bookCode=O28450&amp;languageCode=EN&amp;marketCode=US&amp;vCode=&amp;vFilteringEnabled=True&amp;subTitleSelected=G1732440&amp;chapterTitleSelected=G1547501&amp;topicHRef=G1732452&amp;viewTech=IE&amp;div=f\"><b>Settings</b></a>.&nbsp;</p><p>Before transferring ownership of a vehicle, owners may choose to execute a Master Reset or Factory Reset (completed via the MyFord Mobile website). Either method removes the vehicle from all MyFord Mobile accounts.</p><p>It is recommended that new owners conduct a Master Reset upon taking possession of the vehicle to remove it from any existing MyFord Mobile accounts. The new owner can activate a MyFord Mobile account by completing registration process on the website. the going to www.myfordmobile.eu and following the registration process.</p>", "sourceUrl": "http://www.fordservicecontent.com/Ford_Content/vdirsnet/OwnerManual/Home/Content?bookCode=O28450&languageCode=en&marketCode=US&viewTech=IE&chapterTitleSelected=G1547501&subTitleSelected=G1732055&topicHRef=G1732061&div=f&vFilteringEnabled=True", "id": "223", "title": "Electric Vehicle Information"}