{"body": "Select the required source on the audio unit.<br><br>Operate the following functions with the control:<br><br>Press repeatedly to scroll through available audio sources.<br><br>", "contentHtml": "<p>Select the required source on the audio unit.</p><p>Operate the following functions with the control:</p><p>Press repeatedly to scroll through available audio sources.</p>", "sourceUrl": "http://www.fordservicecontent.com/Ford_Content/vdirsnet/OwnerManual/Home/Content?bookCode=O28450&languageCode=en&marketCode=US&viewTech=IE&chapterTitleSelected=G1518873&subTitleSelected=G1518875&topicHRef=G1525721&div=f&vFilteringEnabled=True", "id": "47", "title": "Audio Control"}