{"body": "For best results, use the following products or products of equivalent quality:<br><br>", "contentHtml": "<p>For best results, use the following products or products of equivalent quality:</p>", "sourceUrl": "http://www.fordservicecontent.com/Ford_Content/vdirsnet/OwnerManual/Home/Content?bookCode=O28450&languageCode=en&marketCode=US&viewTech=IE&chapterTitleSelected=G1519042&subTitleSelected=G1519044&topicHRef=G1448699&div=f&vFilteringEnabled=True", "id": "181", "title": "Cleaning Products"}