{"body": "Clean the instrument panel and cluster lens with a clean, damp and soft cloth, then use a clean, dry and soft cloth to dry these areas.<br><br>If a staining liquid like coffee or juice has been spilled on the instrument panel or on interior trim surfaces:<br><br>", "contentHtml": "<p>Clean the instrument panel and cluster lens with a clean, damp and soft cloth, then use a clean, dry and soft cloth to dry these areas.</p><p>If a staining liquid like coffee or juice has been spilled on the instrument panel or on interior trim surfaces:</p>", "sourceUrl": "http://www.fordservicecontent.com/Ford_Content/vdirsnet/OwnerManual/Home/Content?bookCode=O28450&languageCode=en&marketCode=US&viewTech=IE&chapterTitleSelected=G1519042&subTitleSelected=G1692624&topicHRef=G1673478&div=f&vFilteringEnabled=True", "id": "187", "title": "Cleaning the Instrument Panel and Instrument Cluster Lens"}