{"body": "Run the tip of your fingers over the edge of the blade to check for roughness.<br><br>Clean the wiper blades with washer fluid or water applied with a soft sponge or cloth.<br><br>", "contentHtml": "<p>Run the tip of your fingers over the edge of the blade to check for roughness.</p><p>Clean the wiper blades with washer fluid or water applied with a soft sponge or cloth.</p>", "sourceUrl": "http://www.fordservicecontent.com/Ford_Content/vdirsnet/OwnerManual/Home/Content?bookCode=O28450&languageCode=en&marketCode=US&viewTech=IE&chapterTitleSelected=G1519018&subTitleSelected=G1519034&topicHRef=G1448670&div=f&vFilteringEnabled=True", "id": "173", "title": "Checking the Wiper Blades"}