{"body": "Your vehicle is equipped with a release handle that provides a means of escape for children and adults if they become locked inside the luggage compartment.<br><br>Adults should familiarize themselves with the operation and location of the release handle.<br><br>The handle is located inside the luggage compartment either on the luggage compartment door (lid) or near the tail lamps. It is composed of a material that will glow for hours in darkness following brief exposure to ambient light.<br><br>Pull the handle and push up on the luggage compartment door (lid) to open from within the luggage compartment.<br><br>", "contentHtml": "<p>Your vehicle is equipped with a release handle that provides a means of escape for children and adults if they become locked inside the luggage compartment.</p><p>Adults should familiarize themselves with the operation and location of the release handle.</p><p>The handle is located inside the luggage compartment either on the luggage compartment door (lid) or near the tail lamps. It is composed of a material that will glow for hours in darkness following brief exposure to ambient light.</p><p>Pull the handle and push up on the luggage compartment door (lid) to open from within the luggage compartment.</p>", "sourceUrl": "http://www.fordservicecontent.com/Ford_Content/vdirsnet/OwnerManual/Home/Content?bookCode=O28450&languageCode=en&marketCode=US&viewTech=IE&chapterTitleSelected=G1518865&subTitleSelected=G1525546&topicHRef=G1525547&div=f&vFilteringEnabled=True", "id": "43", "title": "Interior Luggage Compartment Release"}