{"body": "Rotate the sun visor toward the side window and extend it rearward for extra shade.<br><br>Lift the cover to switch the lamp on.<br><br>", "contentHtml": "<p>Rotate the sun visor toward the side window and extend it rearward for extra shade.</p><p>Lift the cover to switch the lamp on.</p>", "sourceUrl": "http://www.fordservicecontent.com/Ford_Content/vdirsnet/OwnerManual/Home/Content?bookCode=O28450&languageCode=en&marketCode=US&viewTech=IE&chapterTitleSelected=G1518895&subTitleSelected=G1518899&topicHRef=G1547166&div=f&vFilteringEnabled=True", "id": "70", "title": "Sun Visors"}