{"body": "Check the level before starting the engine and make sure that the level is between the MIN and the MAX marks.<br><br>If the level is at the MIN mark, add oil immediately.<br><br>Only use oils certified for gasoline engines by the American Petroleum Institute (API). An oil with this trademark symbol conforms to the current engine and emission system protection standards and fuel economy requirements of the International Lubricants Specification Advisory Committee (ILSAC).<br><br>", "contentHtml": "<p>Check the level before starting the engine and make sure that the level is between the MIN and the MAX marks.</p><p>If the level is at the MIN mark, add oil immediately.</p><p>Only use oils certified for gasoline engines by the American Petroleum Institute (API). An oil with this trademark symbol conforms to the current engine and emission system protection standards and fuel economy requirements of the International Lubricants Specification Advisory Committee (ILSAC).</p>", "sourceUrl": "http://www.fordservicecontent.com/Ford_Content/vdirsnet/OwnerManual/Home/Content?bookCode=O28450&languageCode=en&marketCode=US&viewTech=IE&chapterTitleSelected=G1519018&subTitleSelected=G1641262&topicHRef=G1641263&div=f&vFilteringEnabled=True", "id": "164", "title": "Engine Oil Check"}