{"body": "When you use them properly, the seat, head restraint, safety belt and airbags will provide optimum protection in the event of a crash.<br><br>Make sure that your driving position is comfortable and that you can maintain full control of your vehicle.<br><br>", "contentHtml": "<p>When you use them properly, the seat, head restraint, safety belt and airbags will provide optimum protection in the event of a crash.</p><p>Make sure that your driving position is comfortable and that you can maintain full control of your vehicle.</p>", "sourceUrl": "http://www.fordservicecontent.com/Ford_Content/vdirsnet/OwnerManual/Home/Content?bookCode=O28450&languageCode=en&marketCode=US&viewTech=IE&chapterTitleSelected=G1518923&subTitleSelected=G1518924&topicHRef=G1448523&div=f&vFilteringEnabled=True", "id": "83", "title": "Sitting in the Correct Position"}