{"body": "\u00a0Using mobile communications equipment is becoming increasingly important in the conduct of business and personal affairs. \u00a0However, you must not compromise your own or others\u2019 safety when using such equipment. \u00a0Mobile communications can enhance personal safety and security when appropriately used, particularly in emergency situations. \u00a0Safety must be paramount when using mobile communications equipment to avoid negating these benefits. \u00a0Mobile communication equipment includes, but is not limited to, cellular phones, pagers, portable email devices, text messaging devices and portable two-way radios.<br><br>", "contentHtml": "<p>&nbsp;Using mobile communications equipment is becoming increasingly important in the conduct of business and personal affairs. &nbsp;However, you must not compromise your own or others\u2019 safety when using such equipment. &nbsp;Mobile communications can enhance personal safety and security when appropriately used, particularly in emergency situations. &nbsp;Safety must be paramount when using mobile communications equipment to avoid negating these benefits. &nbsp;Mobile communication equipment includes, but is not limited to, cellular phones, pagers, portable email devices, text messaging devices and portable two-way radios.</p>", "sourceUrl": "http://www.fordservicecontent.com/Ford_Content/vdirsnet/OwnerManual/Home/Content?bookCode=O28450&languageCode=en&marketCode=US&viewTech=IE&chapterTitleSelected=G1508561&subTitleSelected=G1531421&topicHRef=G1448348&div=f&vFilteringEnabled=True", "id": "9", "title": "Mobile Communications Equipment"}