{"body": "Your dealer has many quality products available to clean your vehicle and protect its finishes.<br><br>", "contentHtml": "<p>Your dealer has many quality products available to clean your vehicle and protect its finishes.</p>", "sourceUrl": "http://www.fordservicecontent.com/Ford_Content/vdirsnet/OwnerManual/Home/Content?bookCode=O28450&languageCode=en&marketCode=US&viewTech=IE&chapterTitleSelected=G1519042&subTitleSelected=G1519043&topicHRef=G1448698&div=f&vFilteringEnabled=True", "id": "180", "title": "General Information"}