{"body": "In certain situations for example, stuck in snow or mud, turning the traction control off may be beneficial as this allows the wheels to spin with full engine power. Depending on the type of system you have on your vehicle, you can either turn the system off using the information display or by pressing the button.<br><br>Your vehicle comes with this feature already enabled. If required, you can switch this feature off using the information display controls. See\u00a0Principle of Operation.\u00a0<br><br>The button is located in the instrument panel.<br><br>Press the button. You will see a message in conjunction with an illuminated icon in the display. Press the button again to return the system to normal mode.<br><br>When you switch the traction control system off, stability control remains fully active.<br><br>When you turn the traction control system off or on, a message appears in the information display showing system status.<br><br>", "contentHtml": "<p>In certain situations for example, stuck in snow or mud, turning the traction control off may be beneficial as this allows the wheels to spin with full engine power. Depending on the type of system you have on your vehicle, you can either turn the system off using the information display or by pressing the button.</p><p>Your vehicle comes with this feature already enabled. If required, you can switch this feature off using the information display controls. See&nbsp;\n<b>Principle of Operation</b>.&nbsp;</p><p>The button is located in the instrument panel.</p><p>Press the button. You will see a message in conjunction with an illuminated icon in the display. Press the button again to return the system to normal mode.</p><p>When you switch the traction control system off, stability control remains fully active.</p><p>When you turn the traction control system off or on, a message appears in the information display showing system status.</p>", "sourceUrl": "http://www.fordservicecontent.com/Ford_Content/vdirsnet/OwnerManual/Home/Content?bookCode=O28450&languageCode=en&marketCode=US&viewTech=IE&chapterTitleSelected=G1518963&subTitleSelected=G1518965&topicHRef=G1448587&div=f&vFilteringEnabled=True", "id": "118", "title": "Using Traction Control"}