{"body": "The wiper arms can be manually moved when the ignition is off. This allows for ease of blade replacement and cleaning under the blades.<br><br>Replace wiper blades at least once per year for optimum performance.<br><br>Poor wiper quality can be improved by cleaning the wiper blades and the windshield.<br><br>", "contentHtml": "<p>The wiper arms can be manually moved when the ignition is off. This allows for ease of blade replacement and cleaning under the blades.</p><p>Replace wiper blades at least once per year for optimum performance.</p><p>Poor wiper quality can be improved by cleaning the wiper blades and the windshield.</p>", "sourceUrl": "http://www.fordservicecontent.com/Ford_Content/vdirsnet/OwnerManual/Home/Content?bookCode=O28450&languageCode=en&marketCode=US&viewTech=IE&chapterTitleSelected=G1519018&subTitleSelected=G1519035&topicHRef=G1605488&div=f&vFilteringEnabled=True", "id": "174", "title": "Changing the Wiper Blades"}