{"body": "Do not attempt to push-start your automatic transmission vehicle. Automatic transmissions do not have push-start capability. Attempting to push-start a vehicle with an automatic transmission may cause transmission damage.<br><br>Your vehicle has two battery prongs that are accessible from under the hood, even though the actual battery is located in the trunk. Your vehicle can be jumped the same way conventional vehicles can be using these prongs. The illustration below shows the two connector prongs used for jump-starting your vehicle.<br><br>A. Negative prong (\u2013)<br><br>B. Positive prong (+)<br><br>Ensure that the cables are clear of fan blades, belts, moving parts of both engines, or any fuel delivery system parts.<br><br>Remove the jumper cables in the reverse order that they were connected.<br><br>After disconnecting the jumper cables, let the disabled vehicle sit in Ready to Drive mode for several minutes to charge the 12V battery. The disabled vehicle can charge the 12V battery even if the gasoline engine may be off. The 12V battery will receive power from the high-voltage battery instead.<br><br>", "contentHtml": "<p>Do not attempt to push-start your automatic transmission vehicle. Automatic transmissions do not have push-start capability. Attempting to push-start a vehicle with an automatic transmission may cause transmission damage.</p><p>Your vehicle has two battery prongs that are accessible from under the hood, even though the actual battery is located in the trunk. Your vehicle can be jumped the same way conventional vehicles can be using these prongs. The illustration below shows the two connector prongs used for jump-starting your vehicle.</p><p>A. Negative prong (\u2013)</p><p>B. Positive prong (+)</p><p>Ensure that the cables are clear of fan blades, belts, moving parts of both engines, or any fuel delivery system parts.</p><p>Remove the jumper cables in the reverse order that they were connected.</p><p>After disconnecting the jumper cables, let the disabled vehicle sit in Ready to Drive mode for several minutes to charge the 12V battery. The disabled vehicle can charge the 12V battery even if the gasoline engine may be off. The 12V battery will receive power from the high-voltage battery instead.</p>", "sourceUrl": "http://www.fordservicecontent.com/Ford_Content/vdirsnet/OwnerManual/Home/Content?bookCode=O28450&languageCode=en&marketCode=US&viewTech=IE&chapterTitleSelected=G1519002&subTitleSelected=G1519005&topicHRef=G1554804&div=f&vFilteringEnabled=True", "id": "146", "title": "Jump Starting the Vehicle"}