{"body": "The system allows you to upload and view up to 32 photos.<br><br>When you switch this feature on, ambient lighting illuminates footwells and cupholders with a choice of colors. To access and make adjustments:<br><br>You can find more information on Vehicle Health Report in this chapter.<br><br>You can find more information on the rear view camera system in another chapter. See\u00a0Parking Aids.\u00a0<br><br>Access and adjust system settings, voice features, as well as phone, navigation and wireless settings.<br><br><br><br>The Wi-Fi CERTIFIED Logo is a certification mark of the Wi-Fi Alliance.<br><br>You can also access Help using the voice commands. The system provides allowable voice commands for the current mode.<br><br>", "contentHtml": "<p>The system allows you to upload and view up to 32 photos.</p><p>When you switch this feature on, ambient lighting illuminates footwells and cupholders with a choice of colors. To access and make adjustments:</p><p>You can find more information on Vehicle Health Report in this chapter.</p><p>You can find more information on the rear view camera system in another chapter. See&nbsp;\n<b>Parking Aids</b>.&nbsp;</p><p>Access and adjust system settings, voice features, as well as phone, navigation and wireless settings.</p><p></p><p>The Wi-Fi CERTIFIED Logo is a certification mark of the Wi-Fi Alliance.</p><p>You can also access Help using the voice commands. The system provides allowable voice commands for the current mode.</p>", "sourceUrl": "http://www.fordservicecontent.com/Ford_Content/vdirsnet/OwnerManual/Home/Content?bookCode=O28450&languageCode=en&marketCode=US&viewTech=IE&chapterTitleSelected=G1547501&subTitleSelected=G1732440&topicHRef=G1732452&div=f&vFilteringEnabled=True", "id": "220", "title": "Settings"}