{"body": "To operate the washers and spray the windshield, pull the lever toward you.<br><br>A wipe will occur a few seconds after washing to clear any remaining washer fluid. This feature can be switched on or off in the information display. See\u00a0 General Information.\u00a0<br><br>", "contentHtml": "<p>To operate the washers and spray the windshield, pull the lever toward you.</p><p>A wipe will occur a few seconds after washing to clear any remaining washer fluid. This feature can be switched on or off in the information display. See&nbsp; \n<a class=\"copylink\" href=\"Content?bookCode=O28450&amp;languageCode=EN&amp;marketCode=US&amp;vCode=&amp;vFilteringEnabled=True&amp;subTitleSelected=G1815640&amp;chapterTitleSelected=G1525715&amp;topicHRef=G1642521&amp;viewTech=IE&amp;div=f\"><b>General Information</b></a>.&nbsp;</p>", "sourceUrl": "http://www.fordservicecontent.com/Ford_Content/vdirsnet/OwnerManual/Home/Content?bookCode=O28450&languageCode=en&marketCode=US&viewTech=IE&chapterTitleSelected=G1518879&subTitleSelected=G1518882&topicHRef=G1523749&div=f&vFilteringEnabled=True", "id": "54", "title": "Windshield Washers"}