{"body": "Your SYNC system is easy to use. However, should questions arise, see the tables below.<br><br>Use the website at any time to check your phone's compatibility, register your account and set preferences as well as access a customer representative via an online chat (during certain hours). For more information visit:<br><br>", "contentHtml": "<p>Your SYNC system is easy to use. However, should questions arise, see the tables below.</p><p>Use the website at any time to check your phone's compatibility, register your account and set preferences as well as access a customer representative via an online chat (during certain hours). For more information visit:</p>", "sourceUrl": "http://www.fordservicecontent.com/Ford_Content/vdirsnet/OwnerManual/Home/Content?bookCode=O28450&languageCode=en&marketCode=US&viewTech=IE&chapterTitleSelected=G1547501&subTitleSelected=G1730744&topicHRef=G1703902&div=f&vFilteringEnabled=True", "id": "227", "title": "MyFord Touch\u2122 Troubleshooting"}