{"body": "The USB port allows you to plug in media playing devices, memory sticks and charge devices (if supported). See your SYNC information.<br><br>", "contentHtml": "<p>The USB port allows you to plug in media playing devices, memory sticks and charge devices (if supported). See your SYNC information.</p>", "sourceUrl": "http://www.fordservicecontent.com/Ford_Content/vdirsnet/OwnerManual/Home/Content?bookCode=O28450&languageCode=en&marketCode=US&viewTech=IE&chapterTitleSelected=G1518905&subTitleSelected=G1735929&topicHRef=G1662718&div=f&vFilteringEnabled=True", "id": "210", "title": "USB Port"}