{"body": "Your vehicle is equipped with an Intelligent Oil-Life Monitor that determines when you should change the engine oil based on how your vehicle is used. By using several important factors in its calculations, the monitor helps reduce the cost of owning your vehicle and reduces environmental waste at the same time.<br><br>This means you do not have to remember to change the oil on a mileage-based schedule. Your vehicle lets you know when an oil change is due by displaying a message in the information display.<br><br>The following table provides examples of vehicle use and its impact on oil change intervals. It is a guideline only. Actual oil change intervals depend on several factors and generally decrease with severity of use.<br><br>1 Do not exceed two years or 20000 miles (32000 kilometers) between service intervals.<br><br>2 Perform multi-point inspection (recommended).<br><br>3 Reset the Intelligent Oil-Life Monitor system anytime you change the engine oil and filter. See\u00a0 Engine Oil Check.\u00a0<br><br>1 Perform these maintenance items within 3000 miles (4800 kilometers) of the last engine oil and filter change. Do not exceed the designated distance for the interval.<br><br>2 Inspect the engine oil filter for corrosion every one year or 10000 miles (16000 kilometers). If corrosion is present, change the filter then top-off the engine oil, if required. Do not reset the Intelligent Oil-Life Monitor.<br><br>3 Initial replacement at six years or 100000 miles (160000 kilometers), then every three years or 50000 miles (80000 kilometers).<br><br>", "contentHtml": "<p>Your vehicle is equipped with an Intelligent Oil-Life Monitor that determines when you should change the engine oil based on how your vehicle is used. By using several important factors in its calculations, the monitor helps reduce the cost of owning your vehicle and reduces environmental waste at the same time.</p><p>This means you do not have to remember to change the oil on a mileage-based schedule. Your vehicle lets you know when an oil change is due by displaying a message in the information display.</p><p>The following table provides examples of vehicle use and its impact on oil change intervals. It is a guideline only. Actual oil change intervals depend on several factors and generally decrease with severity of use.</p><p><sup>1</sup> Do not exceed two years or 20000 miles (32000 kilometers) between service intervals.</p><p><sup>2</sup> Perform multi-point inspection (recommended).</p><p><sup>3</sup> Reset the Intelligent Oil-Life Monitor system anytime you change the engine oil and filter. See&nbsp; \n<a class=\"copylink\" href=\"Content?bookCode=O28450&amp;languageCode=EN&amp;marketCode=US&amp;vCode=&amp;vFilteringEnabled=True&amp;subTitleSelected=G1641262&amp;chapterTitleSelected=G1519018&amp;topicHRef=G1641263&amp;viewTech=IE&amp;div=f\"><b>Engine Oil Check</b></a>.&nbsp;</p><p><sup>1</sup> Perform these maintenance items within 3000 miles (4800 kilometers) of the last engine oil and filter change. Do not exceed the designated distance for the interval.</p><p><sup>2</sup> Inspect the engine oil filter for corrosion every one year or 10000 miles (16000 kilometers). If corrosion is present, change the filter then top-off the engine oil, if required. Do not reset the Intelligent Oil-Life Monitor.</p><p><sup>3</sup> Initial replacement at six years or 100000 miles (160000 kilometers), then every three years or 50000 miles (80000 kilometers).</p>", "sourceUrl": "http://www.fordservicecontent.com/Ford_Content/vdirsnet/OwnerManual/Home/Content?bookCode=O28450&languageCode=en&marketCode=US&viewTech=IE&chapterTitleSelected=G1526113&subTitleSelected=G1618148&topicHRef=G1618150&div=f&vFilteringEnabled=True", "id": "231", "title": "Normal Scheduled Maintenance"}