{"body": "Push the lever forward to switch the high beams on.<br><br>Push the lever forward again or pull the lever toward you to switch the high beams off.<br><br>Pull the lever toward you slightly and release it to flash the headlamps.<br><br>", "contentHtml": "<p>Push the lever forward to switch the high beams on.</p><p>Push the lever forward again or pull the lever toward you to switch the high beams off.</p><p>Pull the lever toward you slightly and release it to flash the headlamps.</p>", "sourceUrl": "http://www.fordservicecontent.com/Ford_Content/vdirsnet/OwnerManual/Home/Content?bookCode=O28450&languageCode=en&marketCode=US&viewTech=IE&chapterTitleSelected=G1518885&subTitleSelected=G1518886&topicHRef=G1448493&div=f&vFilteringEnabled=True", "id": "56", "title": "Lighting Control"}