{"body": "Your vehicle is equipped with an electric power steering (EPS) system. There is no fluid reservoir to check or fill.<br><br>", "contentHtml": "<p>Your vehicle is equipped with an electric power steering (EPS) system. There is no fluid reservoir to check or fill.</p>", "sourceUrl": "http://www.fordservicecontent.com/Ford_Content/vdirsnet/OwnerManual/Home/Content?bookCode=O28450&languageCode=en&marketCode=US&viewTech=IE&chapterTitleSelected=G1519018&subTitleSelected=G1519030&topicHRef=G1448667&div=f&vFilteringEnabled=True", "id": "169", "title": "Power Steering Fluid Check"}