{"body": "The high-voltage shut off operation shuts off power from the high-voltage battery after a collision, or if your vehicle receives a substantial physical jolt.<br><br>To reactivate your vehicle after either event, perform the following steps:<br><br>For vehicles equipped with a push button start system:<br><br>", "contentHtml": "<p>The high-voltage shut off operation shuts off power from the high-voltage battery after a collision, or if your vehicle receives a substantial physical jolt.</p><p>To reactivate your vehicle after either event, perform the following steps:</p><p>For vehicles equipped with a push button start system:</p>", "sourceUrl": "http://www.fordservicecontent.com/Ford_Content/vdirsnet/OwnerManual/Home/Content?bookCode=O28450&languageCode=en&marketCode=US&viewTech=IE&chapterTitleSelected=G1525717&subTitleSelected=G1531397&topicHRef=G1531398&div=f&vFilteringEnabled=True", "id": "111", "title": "High Voltage Battery Cut-Off Switch"}