{"body": "Before driving through standing water, check the depth. Never drive through water that is higher than the bottom of the front rocker area of your vehicle.<br><br>When driving through standing water, drive very slowly and do not stop your vehicle. Your brake performance and traction may be limited. After driving through water and as soon as it is safe to do so:<br><br>", "contentHtml": "<p>Before driving through standing water, check the depth. Never drive through water that is higher than the bottom of the front rocker area of your vehicle.</p><p>When driving through standing water, drive very slowly and do not stop your vehicle. Your brake performance and traction may be limited. After driving through water and as soon as it is safe to do so:</p>", "sourceUrl": "http://www.fordservicecontent.com/Ford_Content/vdirsnet/OwnerManual/Home/Content?bookCode=O28450&languageCode=en&marketCode=US&viewTech=IE&chapterTitleSelected=G1518997&subTitleSelected=G1689465&topicHRef=G1661881&div=f&vFilteringEnabled=True", "id": "141", "title": "Driving Through Water"}