{"body": "See\u00a0Information Displays.\u00a0<br><br>This control functions the same as the center control on the faceplate. See\u00a0 General Information.\u00a0<br><br>Use this control to adjust the right side of the information display. Navigate through the screen and press OK to select.<br><br>", "contentHtml": "<p>See&nbsp;\n<b>Information Displays</b>.&nbsp;</p><p>This control functions the same as the center control on the faceplate. See&nbsp; \n<a class=\"copylink\" href=\"Content?bookCode=O28450&amp;languageCode=EN&amp;marketCode=US&amp;vCode=&amp;vFilteringEnabled=True&amp;subTitleSelected=G1518906&amp;chapterTitleSelected=G1518905&amp;topicHRef=G1514682&amp;viewTech=IE&amp;div=f\"><b>General Information</b></a>.&nbsp;</p><p>Use this control to adjust the right side of the information display. Navigate through the screen and press \n<b>OK</b> to select.</p>", "sourceUrl": "http://www.fordservicecontent.com/Ford_Content/vdirsnet/OwnerManual/Home/Content?bookCode=O28450&languageCode=en&marketCode=US&viewTech=IE&chapterTitleSelected=G1518873&subTitleSelected=G1518878&topicHRef=G1525724&div=f&vFilteringEnabled=True", "id": "50", "title": "Information Display Control"}