{"body": "Press the control to switch the fog lamps on or off.<br><br>You can switch the fog lamps on when the lighting control is in any position except Off and the high beams are not on.<br><br>", "contentHtml": "<p>Press the control to switch the fog lamps on or off.</p><p>You can switch the fog lamps on when the lighting control is in any position except Off and the high beams are not on.</p>", "sourceUrl": "http://www.fordservicecontent.com/Ford_Content/vdirsnet/OwnerManual/Home/Content?bookCode=O28450&languageCode=en&marketCode=US&viewTech=IE&chapterTitleSelected=G1518885&subTitleSelected=G1518891&topicHRef=G1448499&div=f&vFilteringEnabled=True", "id": "62", "title": "Front Fog Lamps"}