{"body": "Fuel economy is affected by several things such as how you drive, the conditions you drive under and how you maintain your vehicle.<br><br><br><br>", "contentHtml": "<p>Fuel economy is affected by several things such as how you drive, the conditions you drive under and how you maintain your vehicle.</p><p></p>", "sourceUrl": "http://www.fordservicecontent.com/Ford_Content/vdirsnet/OwnerManual/Home/Content?bookCode=O28450&languageCode=en&marketCode=US&viewTech=IE&chapterTitleSelected=G1518997&subTitleSelected=G1518999&topicHRef=G1531399&div=f&vFilteringEnabled=True", "id": "140", "title": "Economical Driving"}