{"body": "When you switch the heated rear window on, the heated exterior mirrors will automatically turn on.<br><br>", "contentHtml": "<p>When you switch the heated rear window on, the heated exterior mirrors will automatically turn on.</p>", "sourceUrl": "http://www.fordservicecontent.com/Ford_Content/vdirsnet/OwnerManual/Home/Content?bookCode=O28450&languageCode=en&marketCode=US&viewTech=IE&chapterTitleSelected=G1518916&subTitleSelected=G1518921&topicHRef=G1599923&div=f&vFilteringEnabled=True", "id": "80", "title": "Heated Windows and Mirrors"}