{"body": "You can clear or change your MyKey settings using the information display control on the steering wheel. See\u00a0Information Displays.\u00a0<br><br>Switch the ignition on using an admin key.<br><br>", "contentHtml": "<p>You can clear or change your MyKey settings using the information display control on the steering wheel. See&nbsp;\n<b>Information Displays</b>.&nbsp;</p><p>Switch the ignition on using an admin key.</p>", "sourceUrl": "http://www.fordservicecontent.com/Ford_Content/vdirsnet/OwnerManual/Home/Content?bookCode=O28450&languageCode=en&marketCode=US&viewTech=IE&chapterTitleSelected=G1518858&subTitleSelected=G1518861&topicHRef=G1517156&div=f&vFilteringEnabled=True", "id": "37", "title": "Clearing All MyKeys"}