{"body": "To lower the seat back(s) from inside the vehicle, do the following:<br><br>When raising the seat back(s), make sure you hear the seat latch into place.<br><br>", "contentHtml": "<p>To lower the seat back(s) from inside the vehicle, do the following:</p><p>When raising the seat back(s), make sure you hear the seat latch into place.</p>", "sourceUrl": "http://www.fordservicecontent.com/Ford_Content/vdirsnet/OwnerManual/Home/Content?bookCode=O28450&languageCode=en&marketCode=US&viewTech=IE&chapterTitleSelected=G1518923&subTitleSelected=G1518929&topicHRef=G1531298&div=f&vFilteringEnabled=True", "id": "88", "title": "Rear Seats"}