{"body": "Alloy wheels and wheel covers are coated with a clear coat paint finish. To maintain their condition we recommend that you:<br><br>", "contentHtml": "<p>Alloy wheels and wheel covers are coated with a clear coat paint finish. To maintain their condition we recommend that you:</p>", "sourceUrl": "http://www.fordservicecontent.com/Ford_Content/vdirsnet/OwnerManual/Home/Content?bookCode=O28450&languageCode=en&marketCode=US&viewTech=IE&chapterTitleSelected=G1519042&subTitleSelected=G1519053&topicHRef=G1448708&div=f&vFilteringEnabled=True", "id": "190", "title": "Cleaning the Alloy Wheels"}