<?xml version="1.0" encoding="UTF-8" ?>
<!-- BEGIN_COPYRIGHT

Copyright 2015 IBM Corp. All Rights Reserved.

Licensed under the Apache License, Version 2.0 (the "License");
you may not use this file except in compliance with the License.
You may obtain a copy of the License at

http://www.apache.org/licenses/LICENSE-2.0

Unless required by applicable law or agreed to in writing, software
distributed under the License is distributed on an "AS IS" BASIS,
WITHOUT WARRANTIES OR CONDITIONS OF ANY KIND, either express or implied.
See the License for the specific language governing permissions and
limitations under the License.

END_COPYRIGHT -->

<config>
  <luceneMatchVersion>5.2.1</luceneMatchVersion>

  <dataDir>${solr.data.dir:}</dataDir>

  <directoryFactory name="DirectoryFactory"
                    class="${solr.directoryFactory:solr.NRTCachingDirectoryFactory}">
    <str name="solr.hdfs.home">${solr.hdfs.home:}</str>
    <str name="solr.hdfs.confdir">${solr.hdfs.confdir:}</str>
    <str name="solr.hdfs.blockcache.enabled">${solr.hdfs.blockcache.enabled:true}</str>
  </directoryFactory>

  <codecFactory class="solr.SchemaCodecFactory"/>

  <schemaFactory class="ManagedIndexSchemaFactory">
    <bool name="mutable">true</bool>
  </schemaFactory>

  <indexConfig>
    <lockType>${solr.lock.type:native}</lockType>

    <infoStream>true</infoStream>
  </indexConfig>

  <updateHandler class="solr.DirectUpdateHandler2">

    <updateLog>
      <str name="dir">${solr.ulog.dir:}</str>
    </updateLog>

    <autoCommit>
      <maxTime>${solr.autoCommit.maxTime:15000}</maxTime>
      <openSearcher>false</openSearcher>
    </autoCommit>

    <autoSoftCommit>
      <maxTime>${solr.autoSoftCommit.maxTime:-1}</maxTime>
    </autoSoftCommit>

  </updateHandler>

  <query>
    <maxBooleanClauses>1024</maxBooleanClauses>

    <filterCache class="solr.FastLRUCache"
                 size="512"
                 initialSize="512"
                 autowarmCount="0"/>

    <queryResultCache class="solr.LRUCache"
                      size="512"
                      initialSize="512"
                      autowarmCount="0"/>

    <documentCache class="solr.LRUCache"
                   size="512"
                   initialSize="512"
                   autowarmCount="0"/>

    <cache name="perSegFilter"
           class="solr.search.LRUCache"
           size="10"
           initialSize="0"
           autowarmCount="10"
           regenerator="solr.NoOpRegenerator"/>
    <enableLazyFieldLoading>true</enableLazyFieldLoading>

    <queryResultWindowSize>20</queryResultWindowSize>

    <queryResultMaxDocsCached>200</queryResultMaxDocsCached>

    <useColdSearcher>false</useColdSearcher>
    <maxWarmingSearchers>2</maxWarmingSearchers>
  </query>

  <requestDispatcher handleSelect="false">
    <requestParsers enableRemoteStreaming="false"
                    multipartUploadLimitInKB="2048000"
                    formdataUploadLimitInKB="2048"
                    addHttpRequestToContext="false"/>

    <httpCaching never304="true"/>
  </requestDispatcher>

  <queryParser name="fcQueryParser" class="com.ibm.watson.hector.plugins.qparser.WatsonFCQParser">
    <str name="textFieldTypes">watson_text</str>
  </queryParser>

  <searchComponent name="fcFeatureGenerator" class="com.ibm.watson.hector.plugins.ss.FCFeatureGeneratorComponent" />

  <!-- feature centric document search -->
  <requestHandler name="/fcselect" class="com.ibm.watson.hector.plugins.ss.FCSearchHandler">
    <lst name="defaults">
      <str name="defType">fcQueryParser</str>
    </lst>
    <arr name="last-components">
      <str>fcFeatureGenerator</str>
    </arr>
  </requestHandler>

  <requestHandler name="/select" class="solr.SearchHandler">
    <lst name="defaults">
      <str name="echoParams">explicit</str>
      <int name="rows">10</int>
      <str name="df">searchText</str>
    </lst>
  </requestHandler>

  <requestHandler name="/query" class="solr.SearchHandler">
    <lst name="defaults">
      <str name="echoParams">explicit</str>
      <str name="wt">json</str>
      <str name="indent">true</str>
      <str name="df">searchText</str>
    </lst>
  </requestHandler>

  <requestHandler name="/get" class="solr.RealTimeGetHandler">
    <lst name="defaults">
      <str name="omitHeader">true</str>
      <str name="wt">json</str>
      <str name="indent">true</str>
    </lst>
  </requestHandler>

  <requestHandler name="/update" class="solr.UpdateRequestHandler">
  </requestHandler>

  <requestHandler name="/admin/ping" class="solr.PingRequestHandler">
    <lst name="invariants">
      <str name="q">solrpingquery</str>
    </lst>
    <lst name="defaults">
      <str name="echoParams">all</str>
    </lst>
  </requestHandler>

  <requestHandler name="/debug/dump" class="solr.DumpRequestHandler">
    <lst name="defaults">
      <str name="echoParams">explicit</str>
      <str name="echoHandler">true</str>
    </lst>
  </requestHandler>

  <updateRequestProcessorChain name="uuid" default="true">
    <processor class="solr.TimestampUpdateProcessorFactory">
      <str name="fieldName">indexedTimestamp</str>
    </processor>
    <processor class="solr.UUIDUpdateProcessorFactory">
      <str name="fieldName">id</str>
    </processor>
    <processor class="solr.RunUpdateProcessorFactory"/>
  </updateRequestProcessorChain>

  <queryResponseWriter name="json" class="solr.JSONResponseWriter">
    <str name="content-type">text/plain; charset=UTF-8</str>
  </queryResponseWriter>

  <admin>
    <defaultQuery>*:*</defaultQuery>
  </admin>
</config>
